DROP TABLE IF EXISTS facturas;
DROP TABLE IF EXISTS clientes;
DROP TABLE IF EXISTS provincias;
DROP TABLE IF EXISTS condicion_Fiscal;
DROP TABLE IF EXISTS alicuota_IVA;
DROP TABLE IF EXISTS clasif_Crediticia;
DROP TABLE IF EXISTS plazo_Venta;
DROP TABLE IF EXISTS tipo_Cliente;
DROP TABLE IF EXISTS tipo_Factura;
DROP TABLE IF EXISTS sucursales;
DROP TABLE IF EXISTS vendedores;
DROP TABLE IF EXISTS franquicia;
DROP TABLE IF EXISTS categorias_Margen;
DROP TABLE IF EXISTS articulos;
DROP TABLE IF EXISTS detalle_Factura;
DROP TABLE IF EXISTS stock;


CREATE TABLE provincias (
cod_Prov VARCHAR (3) PRIMARY KEY NOT NULL,
Prov VARCHAR (40) NOT NULL);

CREATE TABLE condicion_Fiscal (
cod_Cond VARCHAR (2) NOT NULL PRIMARY KEY,
desc_Cond VARCHAR (30) NOT NULL);

CREATE TABLE alicuota_IVA (
cod_Alic INT AUTO_INCREMENT NOT NULL PRIMARY KEY,
desc_Alic VARCHAR (30) NOT NULL,
alicuota FLOAT NOT NULL);

CREATE TABLE clasif_Crediticia (
cod_Clasif VARCHAR (02) NOT NULL PRIMARY KEY,
desc_Clasif VARCHAR (50) NOT NULL,
limite INT NOT NULL);

CREATE TABLE plazo_Venta (
cod_Plazo VARCHAR (2) NOT NULL PRIMARY KEY,
desc_Plazo VARCHAR (20) NOT NULL,
plazo INT NOT NULL);

CREATE TABLE tipo_Cliente (
cod_Tipo VARCHAR (02) NOT NULL PRIMARY KEY,
desc_Tipo VARCHAR (30) NOT NULL,
descuento_Max FLOAT NOT NULL);

CREATE TABLE clientes (
id_Cliente INT NOT NULL AUTO_INCREMENT PRIMARY KEY,
razon_Social VARCHAR (60) NOT NULL,
direccion VARCHAR (60) NOT NULL,
localidad VARCHAR (60) NOT NULL,
cod_Prov VARCHAR (3) NOT NULL,
telefono VARCHAR (80) NOT NULL,
mail VARCHAR (80),
cod_Tipo varchar (02),
cod_Clasif VARCHAR (02),
cod_Plazo VARCHAR (02),
cod_Cond VARCHAR (02) NOT NULL,
CUIT_CUIL VARCHAR (20),
ing_Brutos VARCHAR (20),

FOREIGN KEY (cod_Prov) REFERENCES provincias (cod_Prov),
FOREIGN KEY (cod_Tipo) REFERENCES tipo_Cliente (cod_Tipo),
FOREIGN KEY (cod_Clasif) REFERENCES clasif_Crediticia (cod_Clasif),
FOREIGN KEY (cod_Plazo) REFERENCES plazo_Venta (cod_Plazo),
FOREIGN KEY (cod_Cond) REFERENCES condicion_Fiscal (cod_Cond));

CREATE TABLE tipo_Factura (
cod_Factura VARCHAR (2) NOT NULL PRIMARY KEY,
desc_Factura VARCHAR (20) NOT NULL);

CREATE TABLE sucursales (
id_Sucursal VARCHAR (4) NOT NULL PRIMARY KEY,
desc_Sucursal VARCHAR (20) NOT NULL);

CREATE TABLE vendedores (
id_Vendedor VARCHAR (2) NOT NULL PRIMARY KEY,
nombre VARCHAR (30) NOT NULL);

CREATE TABLE facturas (
id_Factura INT NOT NULL AUTO_INCREMENT PRIMARY KEY,
cod_Factura VARCHAR (2) NOT NULL,
id_Sucursal VARCHAR (4) NOT NULL,
tipo VARCHAR (1) NOT NULL,
numero INT NOT NULL,
fecha DATETIME NOT NULL,
id_Cliente INT NOT NULL,
id_Vendedor VARCHAR (2) NOT NULL,
monto DECIMAL (10,2) NOT NULL,
saldo_Pendiente DECIMAL (10,2) NOT NULL,
CAE INT NOT NULL,
fecha_Venc DATE NOT NULL,

FOREIGN KEY (cod_Factura) REFERENCES tipo_Factura (cod_Factura),
FOREIGN KEY (id_Sucursal) REFERENCES sucursales (id_Sucursal),
FOREIGN KEY (id_Cliente) REFERENCES clientes (id_Cliente),
FOREIGN KEY (id_Vendedor) REFERENCES vendedores (id_Vendedor));

ALTER TABLE facturas MODIFY CAE BIGINT;
ALTER TABLE facturas MODIFY fecha DATE;

CREATE TABLE franquicia (
cod_Franquicia VARCHAR (1) NOT NULL PRIMARY KEY,
desc_Franquicia VARCHAR (20) NOT NULL);

CREATE TABLE categorias_Margen (
cod_Margen INT NOT NULL AUTO_INCREMENT PRIMARY KEY,
desc_Margen VARCHAR (20) NOT NULL,
margen FLOAT NOT NULL);

CREATE TABLE articulos (
num_Serie INT NOT NULL AUTO_INCREMENT PRIMARY KEY,
desc_Articulo VARCHAR (40) NOT NULL,
cod_Franquicia VARCHAR (1) NOT NULL,
cod_Original VARCHAR (40) NOT NULL,
cod_Alic INT NOT NULL,
cod_Margen INT NOT NULL,
unidad_Empaque INT,
precio DECIMAL (10,2) NOT NULL,

FOREIGN KEY (cod_Franquicia) REFERENCES franquicia (cod_Franquicia),
FOREIGN KEY (cod_Alic) REFERENCES alicuota_IVA (cod_Alic),
FOREIGN KEY (cod_Margen) REFERENCES categorias_Margen (cod_Margen));

CREATE TABLE detalle_Factura (
nro_Registro INT NOT NULL AUTO_INCREMENT PRIMARY KEY,
id_Factura INT NOT NULL,
num_Serie INT NOT NULL,
cantidad INT NOT NULL,
precio_Neto DECIMAL (10,2),
descu_Aplicado FLOAT,

FOREIGN KEY (id_Factura) REFERENCES facturas (id_Factura),
FOREIGN KEY (num_Serie) REFERENCES articulos (num_Serie));

CREATE TABLE stock (
num_Serie INT NOT NULL PRIMARY KEY,
cantidad INT NOT NULL,
ubicacion VARCHAR (5),

FOREIGN KEY (num_Serie) REFERENCES articulos (num_Serie));

INSERT INTO provincias VALUES 
('CAB',	'CIUDAD AUTONOMA DE BUENOS AIRES'),
('BUE',	'BUENOS AIRES'),
('CAT',	'CATAMARCA'),
('CHA',	'CHACO'),
('CHU',	'CHUBUT'),
('CBA',	'CORDOBA'),
('COR',	'CORRIENTES'),
('ENT',	'ENTRE RIOS'),
('FOR',	'FORMOSA'),
('JUJ',	'JUJUY'),
('LPA',	'LA PAMPA'),
('LRI',	'LA RIOJA'),
('MEN',	'MENDOZA'),
('MIS',	'MISIONES'),
('NEU',	'NEUQUEN'),
('RIO',	'RIO NEGRO'),
('SAL',	'SALTA'),
('SJU',	'SAN JUAN'),
('SLU',	'SAN LUIS'),
('SCR',	'SANTA CRUZ'),
('SFE',	'SANTA FE'),
('SAN',	'SANTIAGO DEL ESTERO'),
('TIE',	'TIERRA DEL FUEGO'),
('TUC',	'TUCUMAN');

INSERT INTO condicion_fiscal VALUES 
('RI', 'RESPONSABLE INSCRIPTO'),
('MN', 'RESPONSABLE MONOTRIBUTO'),
('EX', 'EXENTO'),
('CF', 'CONSUMIDOR FINAL');

INSERT INTO alicuota_iva VALUES
(null, 'IVA 21%', 21),
(null, 'IVA 10.5%', 10.5),
(null, 'IVA 27%', 27);

INSERT INTO clasif_crediticia VALUES
('A1', 'Cuenta autorizada hasta $ 1.000.000', 1000000),
('A2', 'Cuenta autorizada hasta $ 500.000', 500000),
('A3', 'Cuenta autorizada hasta $ 300.000', 300000),
('A4', 'Cuenta autorizada hasta $ 100.000', 100000),
('D1', 'Plazo autorizado con documento hasta $ 1.000.0000', 1000000),
('D2', 'Plazo autorizado con documento hasta $ 500.0000', 500000),
('D3', 'Plazo autorizado con documento hasta $ 300.0000', 300000),
('D4', 'Plazo autorizado con documento hasta $ 100.0000', 100000);

INSERT INTO plazo_venta VALUES
('P1', 'Hasta 60 dias', 60),
('P2', 'Hasta 30 dias', 30),
('P3', 'Hasta 15 dias', 15),
('P4', 'Hasta 7 dias', 7),
('P5', 'Sin plazo', 1);

INSERT INTO tipo_cliente VALUES
('CR', 'Casa de repuestos', 28),
('TA', 'Tallerista', 25),
('FL', 'Flota', 20),
('AS', 'Aseguradora', 25);

INSERT INTO clientes VALUES 
(94, 'RODADOS INTEGRALES SA.', 'Bv.OROÐO 4723', 'ROSARIO', 'SFE', '0341/4836448-4610815 -4626767', NULL, 'CR', 'A1', 'P2', 'RI', '30-64987075-2', '921-753359-8'),
(2322, 'BACAR TRANSPORTADORA DE CAUDALES S.A.', 'SANTIAGO DEL ESTERO 263', 'CORDOBA', 'CBA', '4210086 MONICA', 'daniel.bazan@bacartraca.com.ar', 'FL', NULL, NULL, 'RI', '30-66813497-8', '250695411'),
(2580, 'ALVAREZ HECTOR GUSTAVO', 'MZNA.1  LOTE 14 COSTANERA S/N', 'CORDOBA', 'CBA', '03543 425154 03835 422928', 'GUSTAVO68ALVAREZ@HOTMAIL.COM', NULL, NULL, NULL, 'MN', '20-13096918-7', '40815'),
(3571, 'BOSETTI CARLOS DANTE', 'JESUS AREA 433', 'ARROYITO', 'CBA', '03576-15521088', NULL, NULL, NULL, NULL, 'RI', '20-12328311-3', '904-004876-4'),
(3924, 'MAGNUM S.A', 'JOSE ROQUE FUNES 1761 OFA T1', 'CORDOBA', 'CBA', '4817773/4819877/4820540/482207', 'RMACCHI@MAGNUMSA.COM.AR', NULL, NULL, NULL, 'RI', '30-70808022-1', '9042413835'),
(4132, 'ROCCHIETTI JOSE HUMBERTO', 'LARRIÐAGA Y AXPE 2787', 'CORDOBA', 'CBA', '4942236', NULL, NULL, NULL, NULL, 'RI', '20-17841450-0', '270481418'),
(4166, 'AGUIRRE CARLOS ALBERTO', 'AV BELGRANO 263', 'MONTE CRISTO', 'CBA', '4917127', 'transporteaguirrecarlos@hotmail.com', 'FL', NULL, NULL, 'RI', '20-12245423-2', '250036990'),
(4223, 'HOLCIM (ARGENTINA) S.A.', 'ZONA RURAL 0 - ESTAFETA CC 16', 'MALAGUEÑO', 'CBA', '4982534 DAVID - 156799107 DIEG', 'trios@grupominetti.com.ar', 'FL', 'A1', 'P1', 'RI', '30-50111112-7', '904-230043-9'),
(4395, 'TRANSPORTE LUSICIC S.R.L.', 'GRAL PEDERNERA 484 P.B.SAN VTE', 'CORDOBA', 'CBA', '156522198 GUSTAVO 156768891 WA', 'glusicic@yahoo.com', 'FL', 'D1', 'P2', 'RI', '30-70923896-1', '270530427'),
(4513, 'CARRERA ANTONIO RAMON', 'ESQUIU 1060', 'CORDOBA', 'CBA', '4251770', NULL, 'CR', 'D3', 'P4', 'RI', '20-12997622-6', '250691475'),
(4734, 'TEKNAL S.A.', 'LOS INCAS 550', 'RIO CUARTO', 'CBA', '0358-4624751 / 155610149', 'lgaltieri@teknal.com.ar', NULL, NULL, NULL, 'RI', '30-69795620-0', '901-905029-5'),
(5015, 'COOPERATIVA TAMBERA LAS CAðITAS LIMITADA', 'SAN MARTIN 285', 'EL TIO', 'CBA', '03576-491350/049', 'copcani@coopetvc.com.ar', 'FL', 'D1', 'P1', 'RI', '30-50259575-6', '201-03625-9'),
(5032, 'DUTTO HERMANOS S.H.', 'SAN LUIS 434 CARRILOBO-CORDOBA', 'CARRILOBO', 'CBA', '0353-154894311 DANIEL', NULL, 'FL', NULL, NULL, 'RI', '30-70785658-7', '215024008'),
(6359, 'CARNICER ENRIQUE', 'AV.FULVIO PAGANI 1563', 'ARROYITO', 'CBA', '03576 423002//15651540* DANIEL', NULL, NULL, NULL, NULL, 'RI', '20-06068023-0', '201-05156-8'),
(6454, 'REPUESTOS GIMENEZ S.A.', 'SALTA 1967', 'MENDOZA', 'MEN', '0261-4380462-4257235 FAX 42547', 'PROVEEDORES@REPUESTOSGIMENEZ.COM.AR', 'CR', 'A2', 'P2', 'RI', '30-67195842-6', '913-507919-6'),
(6463, 'SARMIENTO REPUESTOS DE E.A.SARMIENTO', 'URQUIZA 168-RIO CUARTO', 'RIO CUARTO', 'CBA', '0358 4647373 4639014', NULL, 'CR', 'D3', 'P4', 'RI', '23-06655993-9', NULL),
(7137, 'TOSTADERO MANICOP S.R.L', 'AV.GRAL SAVIO 3101', 'RIO TERCERO', 'CBA', '03571-420039', NULL, 'FL', 'A3', 'P2', 'RI', '30-70775330-3', '904-006460-1'),
(7341, 'SERVIPAIS S.R.L	P.', 'ALB. DE SARMIENTO 1461', 'RIO TERCERO', 'CBA', '011-44831493 155426274', 'rodrigo@servipais.com', 'TA', NULL, 'P3', 'RI', '30-68827986-7', 'NO INFORMA'),
(7416, 'RODACAM S.R.L', 'ROSARIO DE SANTA FE 1712', 'SAN FRANCISCO', 'CBA', '03564-436100  421221 INT. 1', 'repuestos@rodacamcamiones.com.ar', 'CR', 'D1', 'P1', 'RI', '30-70835250-7', '212-29127-7'),
(7509, 'MUNICIPALIDAD DE PUEBLO ITALIANO', 'MENDOZA 457', 'PUEBLO ITALIANO', 'CBA', '03463-15646286 JOSE ORDO;EZ', 'josealberto_348@hotmail.com', NULL, NULL, NULL, 'EX', '30-66883470-8', 'NO POSEE'),
(7514, 'MAINERO RICARDO ARIEL', 'CORRIENTES 746', 'EL TREBOL', 'SFE', '03401-15646291 RICARDO', NULL, 'TA', 'A2', 'P2', 'RI', '20-21718119-5', '620065766'),
(7735, 'REPUESTOS PESADOS SAS', 'RODRIGUEZ PE;A 873', 'LUZURIAGA', 'MEN', '4704162-4705999*-0261-4978683', 'rpalma@repuestospesados.com.ar', 'CR', 'A2', 'P2', 'RI', '30-64475820-2', '913-502336-1'),
(7914, 'FRANCISCO J FRATTOLA S.A', 'MIGUEL JUAREZ SELMAN 123', 'STA. ROSA DE RIO I', 'CBA', '03574-480814 15457097 MARCELO', NULL, 'FL', NULL, NULL, 'RI', '30-70862378-0', '	270403590'),
(7978, 'TRANSPORTADORA DE CAUDALES JUNCADELLA SA', 'TRES ARROYOS 2835', 'CAPITAL FEDERAL', 'CAB', '4650080 INT.3111 DIEGO AMBROSI', 'julio.yorio@prosegur.com', 'FL', 'A1', 'P1', 'RI', '30-54696987-4', '901-230979-2'),
(8208, 'ANCAR S.R.L.', 'AMBROSIO FUNES 1381 B║S.VICENT', 'CORDOBA', 'CBA', '4582821 157026767 AGUSTINA', 'agustina.arata@gmail.com', NULL, NULL, NULL, 'RI', '30-71062611-8', '904-301177-8'),
(8326, 'RECTIFICACIONES MOTORES PESADOS S.A.', 'JUAN B. JUSTO 7477 GUIÐAZU', 'CORDOBA', 'CBA', '4998104-4998033', NULL, 'TA', NULL, NULL, 'RI', '30-71093904-3', NULL),
(8376, 'PRECONS S.R.L.', 'MALVINAS ARGENTINAS 1630', 'ALTA GRACIA', 'CBA', '03547-430993', 'compras@preconssrl.com.ar', NULL, NULL, NULL, 'RI', '30-71058326-5', '270798713'),
(8486, 'EL TERCIO S.A.', 'PTE. R. SAENZ PEÐA 995 PISO 5D', 'CIUDAD AUTONOMA BSAS', 'BUE', '155323370 FERNANDO BELA', 'fernando_ganini@hotmail.com', NULL, NULL, NULL, 'RI', '30-70778984-7', '901-219780-1'),
(8518, 'LOGINCOR S.R.L.', 'EL VELADERO 50', 'CHILECITO', 'LRI', '7000710- 155638430/427 - 15564', 'daeadelqui@logincorsrl.arnetbiz.com.ar', 'FL', 'A3', 'P2', 'RI', '30-70992228-5', '912-470682-7'),
(8525, 'MINOLETTI REZK S.R.L.', 'AVENIDA PRINGLES 2441', 'OLAVARRIA', 'BUE', '02284-427554 CBA 03541-1552025', NULL, NULL, NULL, NULL, 'RI', '30-70966373-5', NULL),
(8544, 'DIR.GRAL.TESORERIA Y CRED.PUBL.PCIA.CBA.', 'AV. CONCEPCION ARENALES 54', 'CORDOBA', 'CBA', 'CPRAS 4342076(110-113)PAGOS(23', 'constanza.veras@gmail.com', 'FL', 'A1', 'P1', 'EX', '34-99923057-3', 'NO INFORMA'),
(8609, 'BASAA S.A.', 'IGUALDAD 4000', 'CORDOBA', 'CBA', '4804473 /155598938 NATALIA PER', NULL, 'FL', 'D1', 'P1', 'RI', '30-51876470-1', '904-244596-9'),
(8637, 'ALESSANDRINI SERGIO DANIEL', 'AV. JUAN B. JUSTO 8000', 'CORDOBA', 'CBA', '4994653 153097804', NULL, 'TA', 'D3', 'P2', 'RI', '20-24471848-6', NULL),
(8775, 'PEREYRA HUGO MARTIN', 'TRES 23 B║ REMEDIOS DE ESCALAD', 'CORDOBA', 'CBA', '-155404806', NULL, NULL, NULL, NULL, 'RI', '20-22775497-5', '9043036497'),
(8874, 'SARVERRY, OSVALDO D. Y TOLEDO, ANGEL SH', 'AV. EJERCITO DEL NORTE 834', 'SAN M DE TUCUMAN', 'TUC', '0381-4518999-00381-4321383', 'rpfordvol@gmail.com', 'CR', 'D1', 'P1', 'RI', '33-71145731-9', '337-1145731-9'),
(8922, 'MATADERO FRIGORIFICO UNION S.A.', 'RUTA 39 KM 9 0', 'VILLA TRINIDAD', 'SFE', '03491-491358/363  15582946 BON', 'claudio@mfusa.com.ar', 'FL', 'A1', 'P1', 'RI', '30-62245603-2', '	921-744261-0'),
(8959, 'MEDITERRANEA DIESEL S.R.L.', 'JUAN B. JUSTO 4047', 'CORDOBA', 'CBA', '4700238', 'mario@centro-diesel.com.ar', 'CR', 'D3', 'P4', 'RI', '30-71142757-7', '904-3418535-5'),
(9025, 'DOVELA S.A.', 'AV H. YRIGOYEN 1403 B║ VIRREY', 'ALTA GRACIA', 'CBA', '03516 15579639 GALERA ANDRES R', NULL, NULL, NULL, NULL, 'RI', '33-71186750-9', '280-45034-1'),
(9092, 'BTU SOCIEDAD ANONIMA', 'MAIPU 96 PISO 14', 'AVELLANEDA', 'BUE', '011-1532734024 SILVIO', 'SILVIOPAREDES@BTU-SA.COM', 'FL', 'A2', 'P1', 'RI', '30-59223889-2', '902-860246-4'),
(9169, 'TRIVERO MARIO RAUL Y TRIVERO MARCELO DAL', 'ADOLFO ALSINA ESQ PAMPA 0', 'VILLA HUIDOBRO', 'CBA', '02302-15535514', 'triverohnos@hotmail.com', 'CR', 'A4', 'P3', 'RI', '30-71127048-1', '28-021682-8'),
(9188, 'RECTI NOR S R L', 'RODRIGUEZ PEÐA 3070', 'CORDOBA', 'CBA', '4707112 4709392', NULL, 'TA', 'D1', 'P2', 'RI', '33-69891434-9', '270129064'),
(9200, 'DEMIN JOSE ANTONIO', '9 DE JULIO 319', 'VILLA DEL ROSARIO', 'CBA', '03573 15405818', NULL, NULL, NULL, NULL, 'RI', '20-27173144-3', '9043108241'),
(9269, 'TRESELE S.A.', 'SANTA FE 290', 'HERNANDO', 'CBA', '0353-4960295 - 4961837', NULL, NULL, NULL, NULL, 'RI', '30-70803569-2', 'NO INFORMA'),
(9272, 'AZOR MIRIAM GRACIELA', 'MITRE 1378', 'REALICO', 'LPA', '02302-15608967', 'transportemillan@paulut.com', NULL, NULL, NULL, 'RI', '27-14279085-3', 'NO INFORMA'),
(9340, 'SALDAðA CARLOS ALBERTO', 'JUAN JULIAN LASTRA 1062', 'NEUQUEN', 'NEU', '0299-4429696 - 156 324147', NULL, 'CR', 'A1', 'P2', 'RI', '20-20606052-3', '915-608226-9'),
(9498, 'NUEVA DIVISION SERVICIOS Y AGRO S.A.', 'MURCIA 2314', 'CORDOBA', 'CBA', '4978600 /157652827 FRANCISCO S', 'aloureyro@bulltransporte.com.ar', NULL, NULL, NULL, 'RI', '33-71026531-9', '270793959'),
(9502, 'BASE UNO MYG S.A.  (EX GIMENEZ MARIO S.)', 'MAZA NORTE 3344, LOCAL 2', 'GRAL GUTIERREZ', 'MEN', '0261 4932230 NEXTEL 661*839', 'basescaniacompras@yahoo.com.ar', 'CR', 'D2', 'P2', 'RI', '30-71208330-8', '692666'),
(9557, 'PIAZZANO,DARIO JESUS Y PIAZZANO,FRANCO D', 'RUTA A005 2112', 'RIO CUARTO', 'CBA', '0358-4631014   154395711', 'dariopiazzano@hotmail.com', 'CR', 'A3', 'P2', 'RI', '30-71196716-4', '280-49297-3'),
(9592, 'MILAN RAUL ESTEBAN', 'AV BELGRANO 267', 'CHEPES', 'LRI', '03821-15400511', 'fedkar@hotmail.com.ar', NULL, NULL, NULL, 'RI', '20-20429082-3', '150009722'),
(9798, 'MUNICIPALIDAD DE CAPILLA DEL MONTE', 'SARMIENTO 318', 'CAPILLA DEL MONTE', 'CBA', '03548-481857 INT 107', NULL, NULL, NULL, NULL, 'EX', '30-66854265-0', NULL),
(9815, 'UNIVERSIDAD NACIONAL DE CORDOBA', 'GRAL . JOSE ARTIGAZ 160 PISO 7', 'CORDOBA', 'CBA', '4333034/35', 'rengo@hemo.unc.edu.ar', NULL, NULL, NULL, 'EX', '30-54667062-3', 'no posee'),
(9969, 'G & G MOTORS S.R.L.', 'ITUZAINGO 167 PISO 7 DPTO 5', 'CORDOBA', 'CBA', '03571 505999 / 15564200', 'ventas@gygmotors.com.ar', 'CR', 'A3', 'P2', 'RI', '30-71252353-7', '280736244'),
(9988, 'FRANLARA S.R.L.', 'AV VALPARAISO 3454', 'CORDOBA', 'CBA', '153504006 GERARDO 153504008 SE', NULL, 'TA', 'A2', 'P2', 'RI', '30-71244986-8', '904-600609-2'),
(10008, 'DRAGO HORACIO NICOLAS', 'ITALIA 639', 'VILLA DOLORES', 'CBA', '03544-21272', 'hnicodrago@gmail.com', NULL, NULL, NULL, 'MN', '20-27670101-1', '214099209'),
(10073, 'BELOQUI JOSE LUIS', 'AVELLANEDA 670', 'GRAL ACHA', 'LPA', '02954-15606236 BELOQUI JOSE', 'jlbeloqui_sur@hotmail.com.ar', NULL, NULL, NULL, 'RI', '20-23580267-9', '1981492'),
(10083, 'NIEVA JORGE RAMON', 'HUARTE 2669 B║ LOS PARAISOS', 'CORDOBA', 'CBA', '156768155 GUSTAVO', NULL, 'TA', 'D2', 'P2', 'RI', '20-10174825-2', '250909713'),
(10248, 'CATALANO NOELIA VIVIANA', 'AV. E. ANGELELLI Y E. ARG 0', 'LA RIOJA', 'LRI', '0380-154525321', NULL, NULL, NULL, NULL, 'RI', '27-25603638-5', '000-041818-8'),
(10292, 'REYNOLDS S.R.L.', 'RUTA NACIONAL N 8 KM 606', 'RIO CUARTO', 'CBA', '0358-4653333 0358-4302648 PAGO', NULL, 'CR', 'A4', 'P2', 'RI', '30-71442807-8', NULL),
(10493, 'SERVICIOS INTEGRALES SRL', 'EL ROSEDAL 83', 'COLONIA ADELA', 'ENT', '0345-4290050', NULL, 'TA', 'A4', 'P2', 'RI', '30-70932985-1', '582783'),
(10524, 'MOLDEAR PILETAS Y PREMOLDEADOS S.A.', 'RIVADAVIA 2875', 'CORDOBA', 'CBA', '153030891', 'GABRIELA@MOLDEAR.COM.AR', NULL, NULL, NULL, 'RI', '30-71215747-6', '280575739'),
(10563, 'CORLETTA OMAR ALBERTO', '1 DE MAYO 1328', 'MARCOS JUAREZ', 'CBA', '03472-4726844', NULL, NULL, NULL, NULL, 'RI', '20-12785668-1', '9042570698'),
(10631, 'TRANSPORTE PERALTA S.R.L.', 'AV. ITALIA 900 M72', 'MALAGUEÑO', 'CBA', '03543-421897/0351-155515852', NULL, 'FL', 'D1', 'P2', 'RI', '30-70989856-2', '270728031'),
(10642, 'GARCIA MAXIMILIANO GABRIEL', 'MARIA OYOLA 256', 'CORDOBA', 'CBA', '156311079', NULL, 'TA', 'D4', 'P2', 'MN', '20-33389859-5', NULL),
(10750, 'TECNOLOGIA AGROPECUARIA S.A.', 'BV. ILLIA 264 PISO 17', 'CORDOBA', 'CBA', '154-590114 SERGIO PEREZ', NULL, NULL, NULL, NULL, 'RI', '30-71111182-0', '280150797'),
(10780, 'SANTIAGO DIESEL SRL', 'SANTA CRUZ 302 PB', 'SANTIAGO DEL ESTERO', 'SAN', '0381-4300606', NULL, 'CR', 'A1', 'P2', 'RI', '30-71517805-9', 'NO INFORMA'),
(10808, 'GRUPO CAPDEVILA SRL', 'ADOLFO ORMA 1363', 'CORDOBA', 'CBA', '03548-15569662(CORA) 03548-155', 'GRUPO.@CAP.COM.AR', 'FL', NULL, NULL, 'RI', '30-71029148-5', '9042443908'),
(10840, 'CABRERA EVAR ENRIQUE', 'ESTACION GRAL PAZ SALTA S/N', 'CORDOBA', 'CBA', '0351-155599484', NULL, NULL, NULL, NULL, 'RI', '20-10056375-5', 'NO INFORMA'),
(10913, 'CORRALON PUNILLA SA', 'SAN MARTIN 1500', 'STA MARIA DE PUNILLA', 'CBA', '0351-153160243', NULL, NULL, NULL, NULL, 'RI', '30-70903880-6', '270500200'),
(10976, 'CARNIATO HORACIO ANTONIO', 'AVDA LAFINUR 1076', 'SAN LUIS', 'SLU', '0266-154588527-0266-439033', NULL, NULL, NULL, NULL, 'RI', '20-14280603-8', 'NO INFORMA'),
(11056, 'MARMAY ESTHER DEL VALLE', 'CONSTITUCION 255', 'TOLEDO', 'CBA', '0351-156334529 TISSERA', 'ANGEL.TISSERA@HOTMAIL.COM', NULL, NULL, NULL, 'RI', '27-24087012-1', '280735957'),
(11091, 'SUR-CAM SA', 'RIVADAVIA 664 AVELLANEDA', 'AVELLANEDA', 'BUE', '011-30183165 ALEJANDRO', NULL, 'CR', 'A1', 'P2', 'RI', '30-70844596-3', '901-069593-2'),
(11095, 'PALMI SA', 'LISANDRO DE LA TORRE 1760', 'CORDOBA', 'CBA', '4567171', NULL, NULL, NULL, NULL, 'RI', '30-70858438-6', 'NO INFORMA'),
(11139, 'LUDUEÐA FEDERICO GUILLERMO', 'DOMENICO ZIPOLI 329', 'JESUS MARIA', 'CBA', '3.52516E+11', NULL, NULL, NULL, NULL, 'RI', '20-18578330-9', 'NO INFORMA'),
(11169, 'EL PUESTO SRL', 'VILLEGAS 1131 B` VILLA CUBAS', 'SAN F V DE CATAMARCA', 'CAT', '3834213964', NULL, NULL, NULL, NULL, 'RI', '30-71454538-4', '83939'),
(11186, 'GIORDANO CAM SAS', 'ARTURO ILLIA RUTA 7 122', 'LABOULAYE', 'CBA', '03385-428436 / 3385 15463516', NULL, 'CR', 'A2', 'P2', 'RI', '30-71580315-8', 'NO INFORMA'),
(11255, 'FARAUDO VICTOR HUGO', 'SAN NICOLAS DE BARI 830', 'LA RIOJA', 'LRI', '0380-154384600', NULL, NULL, NULL, NULL, 'RI', '20-11813983-7', '000-039688-8'),
(11326, 'FRONTERA RUEDA GERMAN RODRIGO', 'CHACO S/N', 'AGUA DE ORO', 'CBA', '0351-155917759', 'RODRIGOFR72@HOTMAIL.COM', NULL, NULL, NULL, 'MN', '20-22792697-0', '270035451'),
(11411, 'FROM NOW ON S.A.S', 'AV. JUAN B. JUSTO 3984', 'CORDOBA', 'CBA', '3515462011 MARIO SARDONIO', 'NO INFORMA', 'CR', 'D4', 'P4', 'RI', '30-71602335-0', '28-24399-05'),
(11426, 'RIO PIQUILLIN SA', 'AV. BELGRANO OESTE 290 CENTRO', 'PIQUILLIN', 'CBA', '155508625 GASSER ENZO', 'NO INFORMA', 'FL', 'A2', 'P1', 'RI', '30-71403430-4', 'NO INFORMA'),
(11452, 'LAS PALMERAS S.R.L', 'ECHEVERRIA 1945 BALCARCE', 'CORDOBA', 'CBA', '0351-153179193', 'NO INFORMA', NULL, NULL, NULL, 'RI', '30-70822599-8', 'NO INFORMA'),
(11538, 'FINXUS S.A.S', 'CORONEL OLMEDO 20 ALBERDI', 'CORDOBA', 'CBA', '3517549171', 'AGUSTIN@FINXUS.COM.AR', NULL, NULL, 'P5', 'RI', '30-71614840-4', '284-36964-5'),
(11736, 'YALID JOCHEN FERNANDO', '25 DE MAYO PISO 0 CENTRO', 'LA RIOJA', 'LRI', '0380-154382189', 'NO INFORMA', NULL, NULL, NULL, 'RI', '20-26369148-3', 'NO INFORMA'),
(11741, 'GRUPO DEL NORTE SRL', 'ULAPES 432 PISO0 DPTO 0', 'LA RIOJA', 'LRI', '380-4385038', 'NO INFORMA', NULL, NULL, NULL, 'RI', '30-71614368-2', 'NO INFORMA'),
(11828, 'ROMANO BAECHLI FACUNDO JOSE', 'Av pagani 1655', 'ARROYITO', 'CBA', '03576-421963', NULL, 'CR', 'A2', 'P2', 'RI', '20-40922261-8', NULL),
(11857, 'SCHAPERT PABLO JAVIER', '11 28 PISO 5 DPTO A ENT.32-33', 'LA PLATA', 'BUE', '0221-154942697', 'NO INFORMA', 'CR', 'D2', 'P2', 'RI', '20-25508927-8', 'NO INFORMA'),
(11874, 'DOCTAREP S.A.S.', 'JUAN B. JUSTO 4916', 'CORDOBA', 'CBA', '351-3172267	', 'NO INFORMA', 'CR', 'D2', 'P4', 'RI', '30-71697124-0', 'NO INFORMA'),
(11905, 'LA TRIBU S.H. DE FRASCARELLI G. Y OTROS', 'GENERAL PAZ 4585', 'OLAVARRIA', 'BUE', '02284-15633155', 'frascarellielvio@gmail.com', 'FL', 'A3', 'P2', 'RI', '30-71407592-2', 'NO INFORMA'),
(11922, 'WESTENWAGEN S.A.', 'INDEPENDENCIA 721', 'GODOY CRUZ', 'MEN', '261-5009749', 'slira@vestencamiones.com.ar', 'CR', 'A3', 'P2', 'RI', '30-71504025-1', 'NO INFORMA'),
(11934, 'FRASCARELLI ELVIO GERMAN', 'VELEZ SARFIELD 4288', 'OLAVARRIA', 'BUE', '02284-15633155', 'NO INFORMA', 'CR', 'A3', 'P2', 'RI', '20-35432058-5', 'NO INFORMA'),
(11940, 'SERVICAM SH DE MU±OZ, H.M. Y FRIAS, C.R.', 'GARCIA SALINAS 1690', 'TRENQUE LAUQUEN', 'BUE', '02392-15407795 / 02392-1551346', 'servicam.sh@hotmail.com', 'TA', 'D1', 'P2', 'RI', '33-70976017-9', 'NO INFORMA'),
(11966, 'VOLADURAS SAN LUIS S.R.L.', 'RIVADAVIA 250', 'LA TOMA', 'SLU', '3547-525843', NULL, NULL, NULL, NULL, 'RI', '30-71207566-6', NULL),
(12000, 'SANTIAGO CEREALES S R L', 'RODRIGUEZ PE±A 961', 'DESPEÑADEROS', 'CBA', '351-3931308', 'NO INFORMA', NULL, NULL, NULL, 'RI', '30-70862775-1', '9042383908'),
(12003, 'GALVAN EDGARDO RAFAEL', 'CASA 11 0 DEPTO 11 M3', 'SAN PABLO', 'TUC', '381-4760714', 'NO INFORMA', NULL, NULL, NULL, 'MN', '24-24786782-8', 'NO INFORMA'),
(12017, 'PONCE ABIGAIL DEL VALLE', 'MANZANA 139 LOTE 4', 'MALVINAS ARGENTINAS', 'CBA', '351-6152059', 'NO INFORMA', 'CR', 'D3', 'P3', 'RI', '27-38339468-1', '286641962'),
(12050, 'MAG COMPANIA MINERA S.A.', '90 BARRIO FERREYRA KM 688', 'FERREYRA', 'CBA', '11-59127474', 'NO INFORMA', 'FL', NULL, NULL, 'RI', '30-71718235-5', 'NO INFORMA'),
(12053, 'MANOLIO JUAN MANUEL', 'ALFONSINA STORNI 488', 'CORONEL BRANDSEN', 'BUE', '(221) 494-2697', 'NO INFORMA', 'CR', 'D2', 'P2', 'RI', '20-27226543-8', 'NO INFORMA'),
(12061, 'RAPPEN CAMIONES Y ACOPLADOS S.A.', 'RUTA A005 KM 0.50 PARAJE KM1/2', 'RIO CUARTO', 'CBA', '358-5187285', 'NOINFORMA', 'TA', 'A4', 'P3', 'RI', '33-71576876-9', '284342801'),
(12064, 'MARTINUZZI PEDRO RENATO', 'AMBROSIO FUNES 2491', 'CORDOBA', 'CBA', '351-4037536', 'NO INFORMA', NULL, NULL, NULL, 'RI', '20-25151611-2', '286332251'),
(12067, 'SCOCCIA GERMAN FEDERICO', 'LUCERNA 355', 'JESUS MARIA', 'CBA', '3525-456218', 'NO INFORMA', NULL, NULL, NULL, 'RI', '20-36484245-8', '284699238'),
(12076, 'TRUCK NOA SA', 'RUTA 9-ACCESO SUR KM.1287', 'BANDA RIO SALI', 'TUC', '381-4543724', 'NO INFORMA', NULL, NULL, NULL, 'RI', '30-71168357-3', 'NO INFORMA');

INSERT INTO tipo_factura VALUES
('F1', 'FACTURA DE CREDITO'),
('F2', 'FACTURA EN CUENTA'),
('F3', 'FACTURA EN EFECTIVO');

INSERT INTO sucursales VALUES
('0061', 'UNIDADES'),
('0062', 'REPUESTOS'),
('0063', 'SERVICIOS');

INSERT INTO vendedores VALUES
('29', 'Mariano'),
('46', 'Agustin'),
('30', 'Franco');

INSERT INTO facturas VALUES 
(673874, 'F2', '0062', 'A', 23015, '2023-01-16', 4223, '29', 14296.15, 0, 73038767255893, '2023-02-15'),
(673887, 'F2', '0062', 'A', 23019, '2023-01-16', 9502, '46', 153441.83, 0, 73038804269037, '2023-02-15'),
(673892, 'F2', '0062', 'A', 23021, '2023-01-17', 9169, '29', 32443.35, 0, 73038864886707, '2023-02-16'),
(673897, 'F2', '0062', 'A', 23023, '2023-01-17', 6454, '46', 62360.5, 0, 73038884030658, '2023-02-16'),
(673904, 'F2', '0062', 'A', 23025, '2023-01-17', 12053, '29', 29137.81, 0, 73038912957520, '2023-02-16'),
(673906, 'F2', '0062', 'A', 23026, '2023-01-17', 12050, '29', 134740.24, 0, 73038914814622, '2023-02-16'),
(673914, 'F2', '0062', 'A', 23028, '2023-01-18', 5032, '30', 32287.43, 0, 73038970891289, '2023-02-17'),
(673926, 'F2', '0062', 'A', 23031, '2023-01-18', 7137, '46', 161493.86, 0, 73038010512721, '2023-02-17'),
(673919, 'F2', '0062', 'A', 23032, '2023-01-18', 11828, '29', 36885.26, 0, 73038015155671, '2023-02-17'),
(673932, 'F2', '0062', 'A', 23034, '2023-01-19', 7416, '46', 78292.96, 0, 73038059394492, '2023-02-18'),
(673947, 'F2', '0062', 'A', 23037, '2023-01-19', 94, '46', 1191055.89, 0, 73038096916889, '2023-02-18'),
(673959, 'F2', '0062', 'A', 23040, '2023-01-20', 8959, '29', 11470.92, 0, 73038165348271, '2023-02-19'),
(673963, 'F2', '0062', 'A', 23043, '2023-01-20', 10808, '29', 125689.64, 0, 73038200188613, '2023-02-19'),
(673967, 'F2', '0062', 'A', 23045, '2023-01-20', 7914, '29', 42680.79, 0, 73038211501580, '2023-02-19'),
(673969, 'F2', '0062', 'A', 23046, '2023-01-23', 4166, '30', 20678.97, 0, 73048396176425, '2023-02-22'),
(673971, 'F2', '0062', 'A', 23047, '2023-01-23', 7978, '29', 150119.07, 0, 73048406822212, '2023-02-22'),
(673972, 'F2', '0062', 'A', 23048, '2023-01-23', 7978, '29', 53362.66, 0, 73048406829455, '2023-02-22'),
(673976, 'F2', '0062', 'A', 23050, '2023-01-23', 11741, '46', 107922.11, 0, 73048420223100, '2023-02-22'),
(673995, 'F2', '0062', 'A', 23053, '2023-01-24', 10642, '46', 1019.99, 0, 73048550598494, '2023-02-23'),
(674004, 'F2', '0062', 'A', 23055, '2023-01-24', 6454, '30', 42059.33, 0, 73048553787248, '2023-02-23'),
(674015, 'F2', '0062', 'A', 23056, '2023-01-25', 9557, '46', 29978.75, 0, 73048642204207, '2023-02-24'),
(674020, 'F2', '0062', 'A', 23057, '2023-01-25', 2322, '46', 170963.99, 0, 73048650247894, '2023-02-24'),
(674024, 'F2', '0062', 'A', 23058, '2023-01-26', 10808, '30', 77873.89, 0.84, 73048700253313, '2023-02-25'),
(674027, 'F2', '0062', 'A', 23059, '2023-01-26', 11426, '46', 346054.05, 0, 73048704334097, '2023-02-25'),
(674029, 'F2', '0062', 'A', 23061, '2023-01-26', 12053, '29', 125528.85, 0, 73048712013534, '2023-02-25'),
(674031, 'F2', '0062', 'A', 23062, '2023-01-26', 6454, '30', 24274.59, 0, 73048712026182, '2023-02-25'),
(674041, 'F2', '0062', 'A', 23065, '2023-01-26', 8922, '29', 47689.67, 0, 73048718912414, '2023-02-25'),
(674044, 'F2', '0062', 'A', 23066, '2023-01-26', 8637, '46', 20103.95, 0, 73048725625571, '2023-02-25'),
(674046, 'F2', '0062', 'A', 23067, '2023-01-26', 11940, '29', 24266.63, 0, 73048744284809, '2023-02-25'),
(674051, 'F2', '0062', 'A', 23069, '2023-01-27', 11186, '46', 89921.39, 0, 73048804519992, '2023-02-26'),
(674057, 'F2', '0062', 'A', 23071, '2023-01-27', 12017, '29', 44863.29, 0, 73048807756406, '2023-02-26'),
(674070, 'F2', '0062', 'A', 23075, '2023-01-27', 8874, '46', 109767.6, 0, 73048847599143, '2023-02-26'),
(674074, 'F2', '0062', 'A', 23076, '2023-01-27', 8874, '29', 27064.81, 0, 73048862014343, '2023-02-26'),
(674117, 'F2', '0062', 'A', 23086, '2023-01-31', 10976, '46', 197943.19, 0, 73058157968332, '2023-03-02'),
(674152, 'F2', '0062', 'A', 23092, '2023-02-01', 6463, '46', 36375.99, 0, 73058274877969, '2023-03-03'),
(674179, 'F2', '0062', 'A', 23098, '2023-02-02', 10631, '46', 13144.57, 0, 73058432697852, '2023-03-04'),
(674185, 'F2', '0062', 'A', 23099, '2023-02-03', 11857, '46', 111234.99, 0, 73058493546981, '2023-03-05'),
(674205, 'F2', '0062', 'A', 23104, '2023-02-06', 2580, '46', 89870.91, 0, 73068764148724, '2023-03-08'),
(674211, 'F2', '0062', 'A', 23106, '2023-02-06', 11874, '30', 19756.99, 0, 73068794746790, '2023-03-08'),
(674230, 'F2', '0062', 'A', 23112, '2023-02-07', 7914, '46', 43777.56, 0, 73068883890383, '2023-03-09'),
(674233, 'F2', '0062', 'B', 1719, '2023-02-07', 9798, '46', 208460.08, 0, 73068898757860, '2023-03-09'),
(674246, 'F2', '0062', 'A', 23116, '2023-02-09', 7416, '29', 52575.78, 0, 73068084433800, '2023-03-11'),
(674252, 'F2', '0062', 'A', 23117, '2023-02-09', 6454, '30', 17732.79, 0, 73068120299753, '2023-03-11'),
(674266, 'F2', '0062', 'A', 23118, '2023-02-10', 12000, '46', 54442.4, 0, 73068181256461, '2023-03-12'),
(674271, 'F2', '0062', 'A', 23119, '2023-02-10', 8874, '46', 53673.09, 0, 73068211842180, '2023-03-12'),
(674273, 'F2', '0062', 'A', 23120, '2023-02-10', 8874, '46', 16458.27, 0, 73068214899850, '2023-03-12'),
(674275, 'F2', '0062', 'A', 23121, '2023-02-13', 11056, '29', 102937.66, 0, 73078410611576, '2023-03-15'),
(674277, 'F2', '0062', 'A', 23122, '2023-02-13', 9988, '46', 172607.88, 0, 73078422406474, '2023-03-15'),
(674279, 'F2', '0062', 'A', 23123, '2023-02-13', 11095, '46', 61015.11, 0, 73078448831095, '2023-03-15'),
(674286, 'F2', '0062', 'A', 23124, '2023-02-14', 10780, '46', 87838.47, 0, 73078512958645, '2023-03-16'),
(674287, 'F2', '0062', 'A', 23125, '2023-02-14', 12061, '30', 12216.71, 0, 73078513882715, '2023-03-16'),
(674288, 'F2', '0062', 'A', 23126, '2023-02-14', 8874, '46', 55103.08, 0, 73078516370836, '2023-03-16'),
(674294, 'F2', '0062', 'A', 23127, '2023-02-14', 11828, '30', 867.19, 0, 73078539955204, '2023-03-16'),
(674296, 'F2', '0062', 'A', 23128, '2023-02-14', 11828, '46', 867.19, 0, 73078541679213, '2023-03-16'),
(674298, 'F2', '0062', 'A', 23129, '2023-02-14', 9502, '46', 22562.28, 0, 73078555390734, '2023-03-16'),
(674304, 'F2', '0062', 'A', 23130, '2023-02-15', 7416, '29', 166826.13, 0, 73078627886903, '2023-03-17'),
(674306, 'F2', '0062', 'A', 23131, '2023-02-15', 9557, '46', 48544.41, 0, 73078627903018, '2023-03-17'),
(674320, 'F2', '0062', 'A', 23133, '2023-02-15', 9502, '46', 36781.07, 0, 73078637018071, '2023-03-17'),
(674326, 'F2', '0062', 'A', 23134, '2023-02-15', 8959, '46', 40669.89, 0, 73078658523635, '2023-03-17'),
(674328, 'F2', '0062', 'A', 23135, '2023-02-15', 4132, '30', 22942.36, 0, 73078662694434, '2023-03-17'),
(674334, 'F2', '0062', 'A', 23136, '2023-02-16', 11828, '30', 77718.43, 0, 73078714001349, '2023-03-18'),
(674337, 'F2', '0062', 'A', 23137, '2023-02-16', 10913, '46', 53813.68, 0, 73078721252150, '2023-03-18'),
(674338, 'F2', '0062', 'A', 23138, '2023-02-16', 4395, '46', 28458.81, 0, 73078725068298, '2023-03-18'),
(674339, 'F2', '0062', 'A', 23140, '2023-02-16', 4734, '46', 130135.62, 0, 73078728211104, '2023-03-18'),
(674355, 'F2', '0062', 'A', 23141, '2023-02-16', 8609, '29', 52097.71, 0, 73078731798807, '2023-03-18'),
(674362, 'F2', '0062', 'A', 23143, '2023-02-17', 12000, '29', 85151.77, 0.06, 73078809386306, '2023-03-19'),
(674363, 'F2', '0062', 'A', 23144, '2023-02-17', 10008, '46', 31001.24, 0, 73078811929457, '2023-03-19'),
(674368, 'F2', '0062', 'A', 23145, '2023-02-17', 10750, '46', 76645.3, 0, 73078816850497, '2023-03-19'),
(674375, 'F2', '0062', 'A', 23146, '2023-02-17', 3924, '46', 12246.24, 0, 73078823249451, '2023-03-19'),
(674365, 'F2', '0062', 'A', 23147, '2023-02-17', 8376, '30', 8467.43, 0, 73078824918846, '2023-03-19'),
(674379, 'F2', '0062', 'A', 23148, '2023-02-17', 8959, '46', 11835.93, 0, 73078826320951, '2023-03-19'),
(674388, 'F2', '0062', 'A', 23149, '2023-02-17', 9592, '29', 25942.64, 0.53, 73078857730267, '2023-03-19'),
(674394, 'F2', '0062', 'A', 23151, '2023-02-22', 4223, '46', 32599.99, 0, 73088196783060, '2023-03-24'),
(674397, 'F2', '0062', 'A', 23152, '2023-02-22', 11452, '46', 8049.85, 0, 73088207986177, '2023-03-24'),
(674400, 'F2', '0062', 'A', 23153, '2023-02-22', 11934, '30', 185649.07, 0, 73088211603369, '2023-03-24'),
(674404, 'F2', '0062', 'A', 23154, '2023-02-22', 8874, '46', 62271.13, 0, 73088233204699, '2023-03-24'),
(674405, 'F2', '0062', 'A', 23155, '2023-02-22', 10524, '29', 28990.66, 28990.66, 73088234524689, '2023-03-24'),
(674411, 'F2', '0062', 'A', 23157, '2023-02-22', 12053, '29', 111234.99, 111234.99, 73088255996238, '2023-03-24'),
(674413, 'F2', '0062', 'A', 23158, '2023-02-23', 11538, '46', 28626.74, 28626.74, 73088297281487, '2023-03-25'),
(674417, 'F2', '0062', 'A', 23160, '2023-02-23', 8775, '30', 13583.63, 1.87, 73088306515492, '2023-03-25'),
(674430, 'F2', '0062', 'A', 23162, '2023-02-23', 10750, '46', 66733.09, 66733.09, 73088359659587, '2023-03-25'),
(674432, 'F2', '0062', 'A', 23163, '2023-02-24', 10631, '29', 25409.79, 25409.79, 73088408608267, '2023-03-26'),
(674436, 'F2', '0062', 'A', 23164, '2023-02-24', 11139, '46', 4940.16, 4940.16, 73088414977133, '2023-03-26'),
(674438, 'F2', '0062', 'A', 23165, '2023-02-24', 10563, '30', 6753.07, 4753.07, 73088428082349, '2023-03-26'),
(674443, 'F2', '0062', 'A', 23167, '2023-02-24', 8208, '46', 30443.42, 30443.42, 73088464575523, '2023-03-26'),
(674447, 'F2', '0062', 'A', 23168, '2023-02-27', 10840, '46', 10629.52, 10629.52, 73098665748337, '2023-03-29'),
(674463, 'F2', '0062', 'A', 23170, '2023-02-27', 4223, '29', 1050.67, 1050.67, 73098684037095, '2023-03-29'),
(674464, 'F2', '0062', 'A', 23171, '2023-02-27', 4223, '29', 5178.12, 5178.12, 73098684054129, '2023-03-29'),
(674468, 'F2', '0062', 'A', 23172, '2023-02-27', 11411, '46', 11009.37, 11009.37, 73098685491444, '2023-03-29'),
(674473, 'F2', '0062', 'A', 23173, '2023-02-27', 9092, '30', 64097.43, 64097.43, 73098695542701, '2023-03-29'),
(674474, 'F2', '0062', 'A', 23174, '2023-02-27', 9092, '46', 156365.99, 156365.99, 73098695586207, '2023-03-29'),
(674476, 'F2', '0062', 'A', 23175, '2023-02-27', 9269, '46', 15907.14, 7.14, 73098712446880, '2023-03-29'),
(674488, 'F2', '0062', 'A', 23177, '2023-02-27', 11940, '29', 134850.5, 134850.5, 73098728856345, '2023-03-29'),
(674492, 'F2', '0062', 'A', 23178, '2023-02-27', 11934, '46', 162100.57, 162100.57, 73098733999559, '2023-03-29'),
(674453, 'F2', '0062', 'B', 1724, '2023-02-27', 9798, '30', 28626.74, 28626.74, 73098674365713, '2023-03-29'),
(674494, 'F2', '0062', 'A', 23179, '2023-02-28', 4395, '30', 20930.88, 0.88, 73098781128999, '2023-03-30'),
(674498, 'F2', '0062', 'A', 23180, '2023-02-28', 9498, '29', 24234.13, 24234.13, 73098790941008, '2023-03-30');

INSERT INTO franquicia value
('A', 'ORIGINAL'),
('N', 'ALTERNATIVO'),
('I', 'INSUMO');

INSERT INTO categorias_margen VALUES
(1, 'NORMAL', 35),
(2, 'AMPLIADO', 42),
(3, 'OFERTA', 50),
(4, 'INSUMOS', 10);

INSERT INTO articulos VALUES
(24703, 'LIQUIDO ANTICONGELANTE', 'A', 'R/      RA/3A/', 1, 1, 0, 18045.37),
(28742, 'CONJUNTO ENGR. DIRECTA', 'N', 'BF6X/7017/AA/', 1, 2, 0, 31923.25),
(67332, 'GOMA PEDALES CARGO', 'A', '81DB/   7A624/AA/', 1, 1, 0, 2820.77),
(67439, 'CERRADURA LH', 'A', '86HU/  E21813/AA/', 1, 1, 0, 69447.46),
(68268, 'LIQUIDO DE FRENO', 'A', 'R/      XC/5T/', 1, 1, 0, 3241.23),
(98322, 'VALVULA', 'A', 'F3HZ/   2A567/A/', 1, 1, 0, 19475.4),
(98794, 'RODAMIENTO EJE PILOTO', 'A', 'F6ZZ/7600/A/', 1, 1, 0, 20941.74),
(104151, 'CONEXION', 'A', 'TRA/145949//', 1, 1, 0, 84.34),
(110655, 'TAPETE', 'A', '1C45/16490/BB/', 1, 1, 0, 2472.32),
(124806, 'BARRA DE DIRECCION', 'A', '1C45/3304/AB/', 1, 1, 0, 77361.11),
(135767, 'VVA.RESPIRO T/COMB.', 'A', '3C45/   9A153/AA/', 1, 1, 0, 1615.91),
(136124, 'BUJE BARRA ESTAB. DELANT.', 'A', '2C3Z/5484/AA/', 1, 1, 0, 4994.8),
(138203, 'BRACADEIRA', 'A', 'YC45/   6F081/AB/', 1, 1, 0, 3018),
(138357, 'SOPORTE              (DA)', 'A', 'YC35/   7B633/EA/', 1, 1, 0, 53091.12),
(139903, 'VALVULA', 'A', 'BG2X/62086/AA/', 1, 1, 0, 43416.43),
(141526, 'LAMPARA FARO LAT.24V 4W', 'N', 'BG6X/13466/BA/', 1, 2, 0, 107.24),
(142353, 'FILTRO COMB.1317/1517/172', 'N', 'BG5X/9155/AA/', 1, 2, 0, 5622.05),
(145253, 'FILTRO ACEITE 5.9E 1317/1', 'N', 'BG5X/6731/AA/', 1, 2, 0, 4860.06),
(146325, 'ANILLO SINC 1RA Y 2DA 440', 'N', 'BG5X/   7B180/AA/', 1, 2, 0, 967.21),
(148335, 'ELEMENTO F/A MOT/8.3L', 'A', 'R/      FA/40/', 1, 1, 0, 8514.69),
(149510, 'FILTRO COMB.MOTOR 3.9L', 'A', 'R/      FG/76/', 1, 1, 0, 8218.74),
(182940, 'BUJE SOPORTE', 'A', 'E5HT/   5A160/AA/', 1, 1, 0, 7753.46),
(188010, 'RETEN', 'A', '4C45/16308/AA/', 1, 1, 0, 1319.63),
(189133, 'INTERRUPTOR', 'A', '4C45/  13A350/AB/', 1, 1, 0, 10007.97),
(191277, 'PASTILLAS FRENO DISCO', 'A', 'BG5T/2001/AA/', 1, 1, 0, 55462.88),
(191630, 'JUNTA ESFERIC', 'A', '5C3Z/3050/E/', 1, 1, 0, 34101.08),
(191770, 'RELE DE BOCINA (24V)', 'A', '6C45/  10A968/AA/', 1, 1, 0, 11131.18),
(191887, 'CORREA POLI-V DO MOTOR', 'A', '4C45/  19D621/AB/', 1, 1, 0, 3498.94),
(192207, '25TERRUPTOR CNTRL VELOC', 'A', '5C45/   9C779/AA/', 1, 1, 0, 12749.03),
(192671, 'SOPOR CILIN SERVO EMBRAG', 'A', '6C45/   7B582/DA/', 1, 1, 0, 18960.63),
(192675, 'PRESILLA ESPECIAL', 'A', 'NFU/801092/LF/', 1, 1, 0, 1551.14),
(194772, 'SOPORTE ELASTICO TRASERO', 'A', '77TU/5700/A/', 1, 1, 0, 22265.55),
(195310, 'ROTULA SUSPENSION', 'A', '4C3Z/3049/DB/', 1, 1, 0, 28943.97),
(214687, 'FILTRO COMB.MOTOR5.8/8.3', 'A', 'R/      FG/77/', 1, 1, 0, 8580.54),
(216335, 'INTERRUPTOR DE IGNICION', 'A', '6S65/11572/AA/', 1, 1, 0, 31851.31),
(216466, 'CONTROL EMBRAGUE HIDRAUL', 'A', '4C44/   7C522/CD/', 1, 1, 0, 107087.68),
(217205, 'ADAPTADOR DE VISCOSO', 'N', '/3965049//', 1, 2, 0, 52973.08),
(219184, 'ESPACIADOR', 'A', '/ W714484/S3/0', 1, 1, 0, 338.97),
(219345, 'ABRAZADERA DEL ESCAPE', 'A', '6C45/   5A281/AA/', 1, 1, 0, 11089.2),
(227848, 'CINTA SOP.DEP.COMB.275LTS', 'A', '7C45/9055/AA/', 1, 1, 0, 11509.88),
(230521, 'PEDAL CONTROL ELECTRONICO', 'A', '6C45/   9G883/AA/', 1, 1, 0, 90031.22),
(230754, 'CERRADURA DE CABINA', 'A', 'XC45/   5L382/AB/', 1, 1, 0, 52873.02),
(233183, 'MANGUERA SUP RADIADOR', 'A', 'AC45/8260/DA/', 1, 1, 0, 24435.29),
(233245, 'ELEMENTO FILTRANTE COMBUS', 'A', 'BH0X/   9N074/AA/', 1, 1, 0, 14177),
(234115, 'CARCAZA FILTRO COMBUST.', 'A', 'BH0X/   9W155/AA/', 1, 1, 0, 126979.86),
(234405, 'BUJE TENSOR', 'A', 'XC45/   5M482/BA/', 1, 1, 0, 4043.83),
(234537, 'AISLADOR BARRA ESTABILIZ.', 'A', 'XC45/   5M482/AA/', 1, 1, 0, 4043.83),
(235157, 'FARO LUZ DE GIRO - DEL.', 'A', '4C46/13368/BA/', 1, 1, 0, 28710),
(235193, 'RADIADOR DE CALEFACTOR', 'A', 'BH0X/18476/BA/', 1, 1, 0, 135991.12),
(235204, 'ESCOBILLA LIMPIAPARAB.', 'A', 'BH0X/17528/AA/', 1, 1, 0, 11123.95),
(235227, 'DEPOSITO LAVAPARABRIS.', 'A', 'BC45/17618/AA/', 1, 1, 0, 20002.6),
(235231, 'SOPORTE CAPOT LD', 'A', 'BC45/  16C608/AB/', 1, 1, 0, 9658.34),
(235232, 'SOPORTE CAPOT LI', 'A', 'BC45/  16C609/AB/', 1, 1, 0, 2730.2),
(235246, 'AMORTIGUADOR DE CAPOT', 'A', 'BC45/  16C826/BA/', 1, 1, 0, 7517.65),
(235331, 'MANGUERA ENTR.CALENTADOR', 'A', 'BC45/  18D334/DD/', 1, 1, 0, 57934.29),
(235332, 'MANGUERA SAL.CALENTADOR', 'A', 'BC45/  18D359/BB/', 1, 1, 0, 18813.42),
(235353, 'CORREA POLI-V DE MOTOR', 'A', 'BC45/  19D621/AA/', 1, 1, 0, 18635.58),
(235419, 'EJE', 'A', 'BC45/   3C662/AA/', 1, 1, 0, 361118.77),
(235474, 'AMORTIG.ARTICUL.CABINA', 'A', 'BC45/   5C368/BB/', 1, 1, 0, 39161.02),
(235481, 'AMORTIG.TRAS.ARTICULA', 'A', 'BC45/   5C398/CA/', 1, 1, 0, 39161.02),
(235544, 'RESORTE FIJACION TRANS.', 'A', 'BC45/   7A033/AA/', 1, 1, 0, 31690.29),
(235614, 'PEDAL CON CONTROL ELECTR.', 'A', 'BC45/   9G883/AA/', 1, 1, 0, 102736.72),
(235949, 'EMBLEMA FORD" DE GRILLA"', 'A', 'BC45/   8K141/AB/', 1, 1, 0, 26874.98),
(236345, 'INTERRUPTOR CRISTALES', 'A', 'BC45/14529/AA/', 1, 1, 0, 11034.51),
(236591, 'COBERTURA DE TORNILLO', 'A', '96FB/ A15K610/AB/36D', 1, 1, 0, 207.08),
(237269, 'BOMBA DE AGUA 8.3 ISCE', 'N', '/5295000//', 1, 2, 0, 38478.74),
(237992, 'TAPA FRONTAL DE BLOCK', 'A', '/1717589//', 1, 1, 0, 25861.17),
(240642, 'INTERRUPTOR DEL FRENO', 'A', '8C45/13480/AA/', 1, 1, 0, 25083.86),
(240739, 'CABLEADO DEL FILTRO SEDIM', 'A', 'BH1X/   9J308/AA/', 1, 1, 0, 9099.17),
(241006, 'RETEN DE GRASA', 'A', 'BC45/1175/BA/', 1, 1, 0, 25010.26),
(241379, 'FILTRO DE POLEN', 'A', '5M35/  18D543/AB/', 1, 1, 0, 4419.45),
(241831, 'ESPEJO RETR INF EXTERNO', 'A', 'BH2X/17723/AA/', 1, 1, 0, 49247.89),
(243240, 'DUCTO TUBO INTER.AL TURBO', 'A', 'BH1X/   9K658/AA/', 1, 1, 0, 23238.25),
(245671, 'CILINDRO MAESTRO EMBRAGUE', 'A', 'BC45/   7A543/AB/', 1, 1, 0, 317221.43),
(245676, 'CONSOLA', 'A', 'BC45/70045B55/AC/36D', 1, 1, 0, 42986.92),
(246186, 'HORQUILLA DE EMBRAGUE', 'A', 'BH1X/7544/BA/', 1, 1, 0, 120049.31),
(246592, 'VIDRIO FIJO DE PUERTA LD', 'A', 'BC45/ E214K17/AF/', 1, 1, 0, 43653.18),
(246595, 'TAPA TQUE COMB C/CERR', 'A', 'EC45/   9W030/AA/', 1, 1, 0, 11428.57),
(247207, 'GRAMPA FIJACION PARAGOLPE', 'A', 'BH1X/  17C700/AA/', 1, 1, 0, 3761.82),
(250363, 'PLACA Y DISCO EMB.CARGO', 'A', 'MB2X/7502/AA/', 1, 1, 0, 301257.55),
(251127, 'TUBO COMB RESERV A FILTRO', 'A', 'EC45/9323/MB/', 1, 1, 0, 32156.09),
(251471, 'INTERCOOLER', 'A', '/1881209//', 1, 1, 0, 98294.2),
(251964, 'FILTRO ACEITE COMB FLEETG', 'A', 'BH4X/   9N074/AA/', 1, 1, 0, 22209.09),
(252501, 'SOPORTE TRAS ELASTICO DEL', 'A', 'XC45/   5W303/BB/', 1, 1, 0, 41423.51),
(252533, 'FLOTANTE TQUE COMB 150L', 'A', 'EC45/9275/BB/', 1, 1, 0, 37581.18),
(252638, 'FILTRO', 'A', 'BH4T/9155/AA/', 1, 1, 0, 17320.66),
(252647, 'MOTOR DE LIMPIAPARABRISAS', 'A', 'BH4X/17508/AA/', 1, 1, 0, 92848.95),
(253691, 'MANGUERA CONECTORA', 'A', 'BC45/8276/CD/', 1, 1, 0, 45778.49),
(255088, 'ROLDANA DE PERSIANA', 'A', 'BC45/70466A12/AB/36D', 1, 1, 0, 415.11),
(255763, 'AMORTIGUADOR DE CABINA', 'A', 'DC46/   5K407/DA/', 1, 1, 0, 38113.58),
(255932, 'SENSOR ABS DELANTERO', 'A', 'DC45/   2B372/BA/', 1, 1, 0, 51961.63),
(256023, 'FARO', 'A', 'DC46/  15C426/AA/', 1, 1, 0, 12103.23),
(256379, 'MANGUERA DE UNION RADIAD.', 'A', 'CC45/   6K863/CB/', 1, 1, 0, 40344.43),
(256519, 'TIRANTE BARRA ESTABILIZ', 'A', 'EC45/   3C140/AA/', 1, 1, 0, 47328.37),
(256807, 'AMORTIGUADOR', 'A', 'DC46/   5K407/EA/', 1, 1, 0, 37314.08),
(257474, 'FILTRO SEP. AIRE/ACEITE', 'A', 'BH1X/9176/AA/', 1, 1, 0, 10509.65),
(257678, 'TAPA INFERIOR FILTRO AIRE', 'A', 'BH3X/9661/AA/', 1, 1, 0, 21609.43),
(257780, 'SENSOR', 'A', 'BH5X/   7M183/AA/', 1, 1, 0, 82513.42),
(257931, 'SENSOR', 'A', 'BH5X/17271/AA/', 1, 1, 0, 119272.85),
(258311, 'ELEMENTO FILTRO DE AIRE', 'A', 'DC46/9601/AB/', 1, 	1, 0, 68380.95),
(258448, 'EMBRAGUE VISCOSO DE MOTOR', 'A', 'BH5X/   8A616/AA/', 1, 1, 0, 328454.03),
(259895, 'CRISTAL FIJO PUERTA LD', 'A', 'BC45/ E214K13/CD/', 1, 1, 0, 42507.89),
(261078, 'ELEMENTO FILTRO DE AIRE', 'A', 'DC46/9601/BC/', 1, 1, 0, 9696.63),
(262153, 'CABLEADO DEL FILTRO', 'A', 'BH2X/   9J308/AA/', 1, 1, 0, 32824),
(262776, 'BUJE', 'A', 'DC46/   5K371/BA/', 1, 1, 0, 51760.63),
(263168, 'ELEM.FTRO.AIRE 5.9/8.3LTS', 'A', 'R/      FA/46/', 1, 1, 0, 15268.57),
(263175, 'CINT SEG COMP RETRACT LI', 'A', 'BC45/ E611A73/AC/', 1, 1, 0, 38667.02),
(263309, 'GUARDAPOLVO', 'A', 'BC45/7277/BB/3YY', 1, 1, 0, 10276.38),
(263482, 'FILTRO COMB.CARGO 2016/', 'N', 'BH1X/9155/AA/', 1, 2, 0, 7858.75),
(263615, 'ELEMENTO FILTRO COMBUSTIB', 'A', 'BH6X/9155/AA/', 1, 1, 0, 20105.51),
(263990, 'CONJUNTO DE EMB.CARGO 11/', 'N', 'AC45/7502/BB/EAT', 1, 2, 0, 276825.57),
(264490, 'MOTOR Y VENT C/JUNTA A/A', 'A', 'GC45/19846/BA/', 1, 1, 0, 75375),
(264750, 'EMBRAGUE VISCOSO DE MOTOR', 'A', 'BH6X/   8A616/CA/', 1, 1, 0, 216316.35),
(264875, 'COMPRESOR AIRE ACOND.', 'A', '5C45/  19D629/AD/', 1, 1, 0, 215412.65),
(264932, 'MOD Y CTROL REMOTO CERRAD', 'A', 'DC45/  15K602/AB/', 1, 1, 0, 70856.58),
(265403, 'AISLADOR BARRA ESTABILIZA', 'A', 'XC45/5484/BB/', 1, 1, 0, 2388.23),
(266127, 'MANGUERA DE UNION RADIAD.', 'A', 'CC45/   6K863/AA/', 1, 1, 0, 22513.95),
(266186, 'TAPA ACRILICO CARGO', 'A', 'BH6X/   9N184/AA/', 1, 1, 0, 21907.02),
(266196, 'ELEMENTO FILTRO DE AIRE', 'A', 'BH4X/9601/LA/', 1, 1, 0, 19347.46),
(266205, 'MANG INF RADIADOR DE AGUA', 'A', 'AC4Z/8286/B/', 1, 1, 0, 31185.88),
(266809, 'BRAZO RETENEDOR', 'A', 'CC46/  E23500/AD/', 1, 1, 0, 43562.37),
(266860, 'BURLETE DE PUERTA DELANT', 'A', 'EC4Z/7020530/A/', 1, 1, 0, 23448.77),
(267014, 'ELEMENTO FILTRO DE AIRE', 'A', 'BH4X/9601/FA/', 1, 1, 0, 14119.58),
(268687, 'FILTRO DE ACEITE     (PR)', 'N', 'BG2X/6731/CA/', 1, 2, 0, 12073.26),
(269935, 'RADIADOR DE AGUA', 'A', 'BC4Z/8005/B/', 1, 1, 0, 328899.28),
(270327, 'RETEN S/CAJA 1723/29', 'N', 'BH3X/4813/BA/EAT', 1, 2, 0, 14743.77),
(270592, 'CLAVE Y BOTAO LUCES TAB', 'A', 'LU7Z/11654/A/', 1, 1, 0, 39477.89),
(272344, 'MANG INF RADIAD', 'A', '6C4Z/8286/C/', 1, 1, 0, 33124.8),
(272860, 'CTROL.EMBRAGUE F4000', 'A', '2C3Z/   7C522/G/', 1, 1, 0, 111803.22),
(272890, 'JGO CABLES COMANDO SELECT', 'A', 'EC45/   7E395/EC/', 1, 1, 0, 141057.14),
(273091, 'PILAR EXT DELAN CABINA LD', 'A', 'DC4Z/6002500/A/', 1, 1, 0, 421670.11),
(288800, 'HORQUILLA DE EMBRAGUE', 'N', 'BH5X/   7N515/AA/', 1, 2, 0	, 46368.18),
(290481, 'FARO BAIML CRISTAL UNIPOL', 'N', 'B02/   3000E/CU/', 1, 2, 0, 4777),
(295382, 'ELEMENTO FILTRO DE AIRE', 'N', 'DC46/9601/BC/', 1, 2, 0, 9696.63);

INSERT INTO detalle_factura VALUES
(1, 674051, 24703, 10, 74315.2, 20),
(2, 674443, 24703, 3, 23520.768, 20),
(3, 674020, 28742, 1, 99173.55, 0),
(4, 674417, 67332, 1, 1531.94, 0),
(5, 673892, 67439, 1, 26812.6875, 25),
(6, 674464, 68268, 2, 1812.92, 0),
(7, 674046, 98322, 1, 7519.1775, 25),
(8, 674468, 98794, 1, 9098.656, 20),
(9, 673995, 104151, 1, 842.97, 0),
(10, 674252, 110655, 2, 3708.48, 25),
(11, 674326, 124806, 1, 33611.48, 20),
(12, 674417, 135767, 2, 9694.2, 0),
(13, 674430, 136124, 2, 5425.32, 0),
(14, 674443, 138203, 1, 1639.08, 0),
(15, 674152, 138357, 1, 30062.8, 0),
(16, 674015, 139903, 1, 16762.455, 25),
(17, 674271, 139903, 2, 35368.77, 25),
(18, 674334, 139903, 2, 35368.77, 25),
(19, 674464, 141526, 23, 2466.52, 0),
(20, 673969, 142353, 2, 7652.832, 20),
(21, 674338, 142353, 1, 4537.26, 0),
(22, 673914, 145253, 1, 4119.07, 0),
(23, 673969, 145253, 2, 6616.656, 20),
(24, 674337, 145253, 1, 4358.8, 0),
(25, 674338, 145253, 1, 3922.92, 0),
(26, 674362, 145253, 2, 8717.6, 0),
(27, 674363, 145253, 1, 4358.8, 0),
(28, 674430, 145253, 1, 4380.59, 0),
(29, 674020, 146325, 2, 42119, 0),
(30, 674337, 148335, 1, 4214.71, 0),
(31, 674338, 148335, 1, 3371.768, 20),
(32, 674362, 148335, 1, 4214.71, 0),
(33, 673969, 149510, 1, 2820.568, 20),
(34, 674205, 182940, 4, 16843.44, 0),
(35, 674294, 188010, 1, 716.69, 0),
(36, 674296, 188010, 1, 716.69, 0),
(37, 674046, 189133, 2, 7727.865, 25),
(38, 674430, 191277, 1, 28270.4, 0),
(39, 674368, 191630, 2, 35188.209, 5),
(40, 674273, 191770, 3, 13601.88, 25),
(41, 674365, 191887, 2, 6997.88, 0),
(42, 673932, 192207, 1, 4922.2125, 25),
(43, 674328, 192671, 1, 18960.63, 0),
(44, 674230, 192675, 1, 842.42, 0),
(45, 674027, 194772, 1, 9169.512, 20),
(46, 674368, 195310, 2, 28155.017, 5),
(47, 674363, 214687, 1, 3883.37, 0),
(48, 674494, 216335, 1, 17298.25, 0),
(49, 673972, 216466, 1, 44101.368, 20),
(50, 674473, 217205, 1, 52973.08, 0),
(51, 674463, 219184, 8, 868.32, 0),
(52, 673947, 219345, 6, 25688.295, 25),
(53, 673947, 227848, 10, 44437.95, 25),
(54, 673959, 227848, 2, 9480.096, 20),
(55, 674004, 230521, 1, 34759.7775, 25),
(56, 674057, 230521, 1, 37077.096, 20),
(57, 674205, 230754, 2, 57430.04, 0),
(58, 674230, 233183, 1, 13270.66, 0),
(59, 674338, 233245, 1, 6159.56, 20),
(60, 673976, 234115, 1, 65366.83, 0),
(61, 674447, 234405, 2, 4392.36, 0),
(62, 674447, 234537, 2, 4392.36, 0),
(63, 674246, 235157, 1, 11694.165, 25),
(64, 673926, 235193, 1, 56004.52, 20),
(65, 673897, 235204, 12, 51537.6, 25),
(66, 674179, 235227, 1, 10863.28, 0),
(67, 673932, 235231, 2, 7457.91, 25),
(68, 674286, 235231, 3, 11802.15, 25),
(69, 673932, 235232, 2, 2108.175, 25),
(70, 674230, 235232, 1, 1482.74, 0),
(71, 674286, 235232, 3, 3336.165, 25),
(72, 674436, 235246, 1, 4082.78, 0),
(73, 674074, 235331, 1, 22367.61, 25),
(74, 674277, 235331, 1, 25171.016, 20),
(75, 673926, 235332, 1, 7747.824, 20),
(76, 674375, 235353, 1, 10120.86, 0),
(77, 674117, 235419, 1, 163589.416, 20),
(78, 674070, 235474, 3, 45358.515, 25),
(79, 674275, 235474, 2, 42536.22, 0),
(80, 674304, 235474, 2, 31902.165, 25),
(81, 674070, 235481, 3, 45358.515, 25),
(82, 674275, 235481, 2, 42536.22, 0),
(83, 674304, 235481, 4, 63804.33, 25),
(84, 674404, 235544, 1, 12908.115, 25),
(85, 673947, 235614, 10, 396651.825, 25),
(86, 674252, 235949, 1, 10946.7225, 25),
(87, 674271, 236345, 2, 8989.155, 25),
(88, 673926, 236591, 3, 255.792, 20),
(89, 674394, 237269, 1, 26942.14, 0),
(90, 674029, 237992, 1, 9984.6225, 25),
(91, 673932, 240642, 1, 9684.5175, 25),
(92, 673932, 240739, 1, 6824.3775, 25),
(93, 674488, 241006, 4, 40748.76, 25),
(94, 673926, 241379, 10, 19757.76, 20),
(95, 674337, 241379, 1, 2605.55, 0),
(96, 674362, 241379, 1, 2605.55, 0),
(97, 674306, 241831, 2, 40119.345, 25),
(98, 674287, 243240, 1, 10096.456, 20),
(99, 674233, 245671, 1, 172281.0579, 0),
(100, 673926, 245676, 1, 17703.08, 20),
(101, 674029, 246186, 1, 46349.3325, 25),
(102, 673932, 246592, 2, 33707.73, 25),
(103, 673926, 246595, 5, 23532.88, 20),
(104, 674246, 247207, 12, 18387, 25),
(105, 673971, 250363, 1, 124065.344, 20),
(106, 673976, 251127, 1, 16528, 0),
(107, 674029, 251471, 1, 37949.985, 25),
(108, 673914, 251964, 1, 11432.85, 0),
(109, 674337, 251964, 1, 12061.65, 0),
(110, 674362, 251964, 2, 24123.3, 0),
(111, 674405, 251964, 1, 12061.65, 0),
(112, 674266, 252501, 2, 44993.72, 0),
(113, 674211, 252533, 1, 16328.088, 20),
(114, 674430, 252638, 1, 9406.75, 0),
(115, 674279, 252647, 1, 50425.71, 0),
(116, 674298, 253691, 1, 18646.515, 25),
(117, 674015, 255088, 50, 8013.375, 25),
(118, 674046, 255088, 30, 4808.025, 25),
(119, 674185, 255763, 2, 31048.89, 25),
(120, 674411, 255763, 2, 31048.89, 25),
(121, 674031, 255932, 1, 20061.645, 25),
(122, 674476, 256023, 2, 13146.4, 0),
(123, 674044, 256379, 1, 16614.832, 20),
(124, 674404, 256519, 2, 38555.625, 25),
(125, 674185, 256807, 2, 30397.575, 25),
(126, 674320, 256807, 2, 30397.575, 25),
(127, 674411, 256807, 2, 30397.575, 25),
(128, 674337, 257474, 1, 5877.3, 0),
(129, 674363, 257474, 1, 5877.3, 0),
(130, 674498, 257678, 1, 11735.95, 0),
(131, 673963, 257780, 1, 42476.34, 0),
(132, 674024, 257780, 1, 42476.34, 0),
(133, 674339, 257780, 3, 107550.096, 20),
(134, 673963, 257931, 1, 61399.4, 0),
(135, 674488, 257931, 1, 48582.2775, 25),
(136, 674185, 258311, 1, 23210.805, 25),
(137, 674355, 258311, 1, 24758.192, 20),
(138, 674411, 258311, 1, 23210.805, 25),
(139, 673887, 258448, 1, 126811.4325, 25),
(140, 674024, 259895, 1, 21882.25, 0),
(141, 674355, 261078, 1, 7757.304, 20),
(142, 674246, 262153, 1, 13369.89, 25),
(143, 674304, 262776, 2, 42166.335, 25),
(144, 673914, 263168, 1, 6549.97, 0),
(145, 674338, 263168, 1, 5528.176, 20),
(146, 674400, 263168, 2, 10365.33, 25),
(147, 674498, 263168, 1, 8292.26, 0),
(148, 674432, 263175, 1, 20999.83, 0),
(149, 673926, 263309, 2, 8464.144, 20),
(150, 673967, 263309, 1, 4232.072, 20),
(151, 674438, 263309, 1, 5581.05, 0),
(152, 673914, 263482, 1, 4581.94, 0),
(153, 674337, 263482, 1, 4848.62, 0),
(154, 674362, 263482, 2, 9697.24, 0),
(155, 674363, 263482, 1, 4848.62, 0),
(156, 674355, 263615, 1, 10540.464, 20),
(157, 674027, 263990, 1, 276825.57, 0),
(158, 673967, 264490, 1, 31041.304, 20),
(159, 673906, 264750, 1, 111355.57, 0),
(160, 674277, 264750, 1, 117480.12, 0),
(161, 674474, 264750, 1, 129228.09, 0),
(162, 673947, 264875, 1, 83167.755, 25),
(163, 674334, 264932, 1, 28861.335, 25),
(164, 674230, 265403, 2, 2594.1, 0),
(165, 674379, 266127, 1, 9781.76, 20),
(166, 674405, 266186, 1, 11897.57, 0),
(167, 674337, 266196, 1, 10507.48, 0),
(168, 674362, 266196, 2, 21014.96, 0),
(169, 673904, 266205, 2, 24080.835, 25),
(170, 674413, 266809, 1, 23658.46, 0),
(171, 674453, 266809, 1, 23658.46281, 0),
(172, 673947, 266860, 30, 271597.05, 25),
(173, 674029, 267014, 2, 9458.91, 25),
(174, 674363, 267014, 1, 6652.77, 0),
(175, 674397, 267014, 1, 6652.77, 0),
(176, 674430, 267014, 1, 7668.26, 0),
(177, 674400, 268687, 1, 9096.24, 0),
(178, 674400, 269935, 1, 133967.415, 25),
(179, 674492, 269935, 1, 133967.415, 25),
(180, 674488, 270327, 2, 22115.655, 25),
(181, 673919, 270592, 2, 30483.69, 25),
(182, 674388, 270592, 1, 21440.2, 0),
(183, 674230, 272344, 1, 17989.88, 0),
(184, 674288, 272860, 1, 45539.7375, 25),
(185, 674286, 272890, 1, 57455.46, 25),
(186, 673947, 273091, 1, 162800.835, 25),
(187, 674041, 288800, 1, 39412.953, 15),
(188, 673874, 290481, 2, 11815, 0),
(189, 674185, 295382, 1, 7272.4725, 25),
(190, 674411, 295382, 1, 7272.4725, 25);

INSERT INTO stock VALUES
(24703, 24, 'A1B03'),
(28742, 1, 'A1B01'),
(67332, 4, 'A3C04'),
(67439, 1, 'A1A02'),
(98794, 2, 'A1C03'),
(124806, 1, 'A1A04'),
(142353, 33, 'C1C03'),
(145253, 15, 'B3B01'),
(146325, 1, 'A1A05'),
(148335, 48, 'C2A01'),
(149510, 24, 'B3C03'),
(191277, 2, 'A2B01'),
(191887, 5, 'B1B01'),
(192675, 10, 'B2B05'),
(194772, 2, 'A2B03'),
(214687, 10, 'B2B02'),
(216466, 2, 'A2C01'),
(227848, 6, 'B1B02'),
(230521, 4, 'B1A01'),
(230754, 1, 'A1B03'),
(233183, 8, 'B1C02'),
(233245, 25, 'C1A01'),
(235246, 9, 'B2A03'),
(241006, 12, 'B3A02'),
(241379, 19, 'B3B02'),
(250363, 2, 'A2C05'),
(251964, 56, 'C3A02'),
(252647, 2, 'A3A02'),
(255088, 102, 'C3B01'),
(256379, 1, 'A1B05'),
(256807, 4, 'B1A02'),
(258448, 2, 'A3A06'),
(263482, 31, 'C1B02'),
(263990, 1, 'A1C01'),
(266196, 20, 'B3C01'),
(268687, 23, 'B3C02'),
(270592, 12, 'B3A04'),
(272860, 2, 'A3C01'),
(272890, 6, 'B1B04'),
(288800, 1, 'A1C02'),
(290481, 8, 'B2A01'),
(295382, 3, 'A3C02');

-- VISTA DE TODAS LAS FACTURAS PENDIENTES DE PAGO Y SUS SALDOS

CREATE OR REPLACE VIEW facturas_saldo AS
SELECT f.id_Sucursal, f.tipo, f.numero, f.fecha, f.id_Cliente, c.razon_Social,f.monto, f.saldo_Pendiente
FROM facturas f INNER JOIN clientes c
ON f.id_Cliente = c.id_Cliente
WHERE f.saldo_pendiente > 0;

-- VISTA DE LA DEUDA TOTAL POR CLIENTE

CREATE OR REPLACE VIEW deuda_clientes AS
SELECT f.id_cliente, c.razon_Social, SUM(f.saldo_Pendiente) AS deuda, cl.limite AS autorizado
FROM facturas f INNER JOIN clientes c
ON f.id_Cliente = c.id_Cliente
INNER JOIN clasif_crediticia cl
ON c.cod_Clasif = cl.cod_Clasif
WHERE f.saldo_Pendiente > 0
GROUP BY f.id_cliente;

-- VISTA DEL TOTAL DE VENTAS REALIZADAS POR VENDEDOR Y EL MONTO QUE REPRESENTAN

CREATE OR REPLACE VIEW ventas_Vendedor AS
SELECT v.nombre AS vendedor, SUM(f.monto) AS total_vendido, COUNT(f.id_Vendedor) as total_ventas
FROM vendedores v INNER JOIN facturas f
ON v.id_Vendedor = f.id_Vendedor
GROUP BY  v.nombre;

-- VISTA DEL ACUMULADO DE VENTAS POR ARTICULO Y SU STOCK ACTUAL - para el analisis de reposiciones de stock

CREATE OR REPLACE VIEW movimientos_Articulo AS
SELECT d.num_Serie, a.desc_Articulo AS descripcion, SUM(d.cantidad) AS total_vendido, s.cantidad
FROM detalle_factura d INNER JOIN articulos a
ON d.num_Serie = a.num_Serie
LEFT JOIN stock s
ON a.num_Serie = s.num_Serie
GROUP BY d.num_Serie;

-- VISTA DE VENTAS TOTALES POR TIPO DE CLIENTE

CREATE OR REPLACE VIEW vta_tipo_cliente AS
SELECT t.desc_Tipo AS tipo_cliente,  SUM(f.monto) AS total_vendido
FROM facturas f INNER JOIN clientes c
ON f.id_Cliente = c.id_Cliente
INNER JOIN tipo_cliente t
ON c.cod_Tipo = t.cod_Tipo
GROUP BY t.desc_Tipo;

drop function if exists clien_x_prov;

delimiter $$

CREATE FUNCTION clien_x_prov (Prov VARCHAR(3))
RETURNS int
reads sql data
BEGIN
   DECLARE cantidad int;
   select count(cod_Prov)
   into cantidad
   from clientes
   where cod_Prov = Prov;
   
RETURN cantidad;
END
$$
delimiter ; 

drop function if exists vent_x_vendedor_periodo;

delimiter $$
CREATE FUNCTION vent_x_vendedor_periodo ( Vendedor VARCHAR(02), fechaInicio DATE, fechaCierre DATE)
returns float
reads sql data
BEGIN
	DECLARE totalVentas float;
    select SUM(monto)
    into totalVentas
    from facturas
    where id_Vendedor = Vendedor and fecha between fechaInicio and fechaCierre;
RETURN totalVentas;
END
$$
delimiter ;

-- sp para ordenamiento de tabla

DROP PROCEDURE IF EXISTS sp_orden_tabla;
delimiter $$

-- Creo el procedimiento y establezco 3 parametros, para poder variar la tabla a trabajar, el campo y el sentido.

CREATE PROCEDURE sp_orden_tabla (IN tabla VARCHAR(30), IN campo VARCHAR(30), IN sentido VARCHAR (4))
BEGIN
	-- condicional para establecer la tabla a ordenar
	IF tabla = '' THEN
		SELECT 'Debe ingresar una tabla a analizar' AS mensaje;
	ELSE 
		SET @tabla_analizada = tabla;
	END IF;
    -- condicional para establecer el campo de ordenamiento
    IF campo <> '' THEN 
		SET @campo_orden = CONCAT('ORDER BY ', campo);
	ELSE 
		SET @campo_orden = '';
	END IF;
    -- condicional para establecer el sentido del orden
    IF sentido = '' THEN
		SET @sentido_orden = '';
	ELSE
		SET @sentido_orden = sentido;
	END IF;
    -- se establece la sentencia
	SET @sentencia = concat('SELECT * FROM ', @tabla_analizada, ' ', @campo_orden, ' ', @sentido_orden);
    -- se ejecuta la sentencia
    PREPARE ejecutar FROM @sentencia;
    EXECUTE ejecutar;
    DEALLOCATE PREPARE ejecutar;
        
END $$

delimiter $$

CALL sp_orden_tabla ('', '', '');

-- sp para carga de stock o actualizar el actual

DROP PROCEDURE IF EXISTS sp_actualiz_compra_stock;
delimiter $$
-- se crea el sp
CREATE PROCEDURE sp_actualiz_compra_stock (IN articulo INT, IN numero INT)
BEGIN
	-- condicional para establecer la operacion a realizar (INSERT O UPDATE) dependiendo de si el articulo ya esta cargado o no en el listado de stock.
	IF (SELECT COUNT(*) from stock where num_serie = articulo) = 0 THEN 
		SET @accion = CONCAT('INSERT INTO stock VALUES (',articulo, ', ', numero,', NULL)');
	ELSE
		SET @accion = CONCAT('UPDATE stock SET cantidad = (cantidad + ', numero,') WHERE num_Serie = ', articulo);
	END IF;
    -- se ejecuta la sentencia 
    PREPARE ejecutar FROM @accion;
    EXECUTE ejecutar;
    DEALLOCATE PREPARE ejecutar;
        
END $$

delimiter $$

DROP TABLE IF EXISTS actualizaciones_Precios;
DROP TABLE IF EXISTS nuevos_Articulos;

CREATE TABLE actualizaciones_Precios (
num_Serie INT NOT NULL,
precio_Anterior DECIMAL (10,2) NOT NULL,
precio_Nuevo DECIMAL (10,2) NOT NULL,
fecha_Actualizacion DATETIME,
usuario VARCHAR (30));

CREATE TABLE nuevos_Articulos (
num_serie INT NOT NULL,
fecha_Carga DATETIME,
usuario_Carga VARCHAR (30));

DROP TRIGGER IF EXISTS `tr_actualizacion_precio`;
-- ESTE TRIGGER REGISTRARA TODAS LAS ACTUALIZACIONES DE PRECIOS QUE SE REALICEN Y GUARDARA TANTO EL PRECIO NUEVO COMO EL ANTERIOR.
DELIMITER $$
CREATE TRIGGER `tr_actualizacion_precio` BEFORE UPDATE ON `articulos` FOR EACH ROW BEGIN

	INSERT INTO actualizaciones_Precios
    SELECT num_Serie, old.precio, new.precio, NOW(), USER()
	FROM articulos
    WHERE (num_Serie) = (new.num_Serie);
    
END$$ 

DELIMITER ;

DROP TRIGGER IF EXISTS `tr_carga_nuevos_articulos`;
-- ESTE REGISTRARA TODOS LOS NUEVOS ARTICULOS INCORPORADOS A LA TABLA ARTICULOS.
DELIMITER $$
CREATE TRIGGER `tr_carga_nuevos_articulos` AFTER INSERT ON `articulos` FOR EACH ROW BEGIN

INSERT INTO nuevos_Articulos VALUES
    (NEW.num_Serie, NOW(), USER());
END$$

DELIMITER ;

DROP TABLE IF EXISTS actualizaciones_Clasificacion_Clientes;
DROP TABLE IF EXISTS nuevos_Clientes;

CREATE TABLE actualizaciones_Clasificacion_Clientes (
id_Cliente INT NOT NULL,
clasificacion_Anterior VARCHAR(2),
nueva_Clasificacion VARCHAR(2),
fecha_Actualizacion DATETIME,
usuario VARCHAR (30));

CREATE TABLE nuevos_Clientes (
id_Cliente INT NOT NULL,
fecha_Carga DATETIME,
usuario_Carga VARCHAR (30));

DROP TRIGGER IF EXISTS `tr_cambios_clasif_cliente`;
-- ESTE TRIGGER GUARDARA TODOS LOS CAMBIOS QUE SE REALICEN EN LA CLASIFICACION CREDITICIA DE CLIENTES.
DELIMITER $$
CREATE TRIGGER `tr_cambios_clasif_clientes` BEFORE UPDATE ON `clientes` FOR EACH ROW BEGIN

	INSERT INTO actualizaciones_Clasificacion_Clientes
    SELECT id_Cliente, new.cod_Clasif, old.cod_Clasif, NOW(), USER()
	FROM clientes
    WHERE (id_Cliente) = (new.id_Cliente);
    
END$$ 

DELIMITER ;

DROP TRIGGER IF EXISTS `tr_registro_clientes_nuevos`;
-- AL IGUAL QUE EN EL CASO DE LOS ARTICULOS, ESTE TRIGGER REGISTRA CUALQUIER ALTA DE CLIENTE QUE SER REALICE.
DELIMITER $$
CREATE TRIGGER `tr_registro_clientes_nuevos` AFTER INSERT ON `clientes` FOR EACH ROW BEGIN

INSERT INTO nuevos_Clientes VALUES
    (NEW.id_Cliente, NOW(), USER());
END$$

DELIMITER ;

SELECT * FROM sucursales;

START TRANSACTION;

DELETE FROM sucursales
WHERE id_Sucursal in ('0061', '0063');

-- ROLLBACK;

-- COMMIT;

-- INSERT INTO sucursales VALUES
-- ('0061', 'UNIDADES'),
-- ('0063', 'SERVICIOS');

SELECT * FROM stock ORDER BY cantidad ASC;

START TRANSACTION;

INSERT INTO stock VALUES
(266205, 0, NULL),
(266809, 0, NULL),
(266860, 0, NULL),
(267014, 0, NULL);

SAVEPOINT registro_4;

INSERT INTO stock VALUES
(269935, 0, NULL),
(270327, 0, NULL),
(272344, 0, NULL),
(273091, 0, NULL);

SAVEPOINT registro_8;

-- RELEASE SAVEPOINT registro_4;
